{
  "hash": "44ee671c",
  "configHash": "2998ed0f",
  "lockfileHash": "85effe9e",
  "browserHash": "991ff714",
  "optimized": {
    "@angular/cdk/layout": {
      "src": "../../../../../../node_modules/@angular/cdk/fesm2022/layout.mjs",
      "file": "@angular_cdk_layout.js",
      "fileHash": "6be4c968",
      "needsInterop": false
    },
    "@angular/common": {
      "src": "../../../../../../node_modules/@angular/common/fesm2022/common.mjs",
      "file": "@angular_common.js",
      "fileHash": "58e5f318",
      "needsInterop": false
    },
    "@angular/common/http": {
      "src": "../../../../../../node_modules/@angular/common/fesm2022/http.mjs",
      "file": "@angular_common_http.js",
      "fileHash": "c7c64269",
      "needsInterop": false
    },
    "@angular/core": {
      "src": "../../../../../../node_modules/@angular/core/fesm2022/core.mjs",
      "file": "@angular_core.js",
      "fileHash": "10390834",
      "needsInterop": false
    },
    "@angular/forms": {
      "src": "../../../../../../node_modules/@angular/forms/fesm2022/forms.mjs",
      "file": "@angular_forms.js",
      "fileHash": "80d49674",
      "needsInterop": false
    },
    "@angular/platform-browser": {
      "src": "../../../../../../node_modules/@angular/platform-browser/fesm2022/platform-browser.mjs",
      "file": "@angular_platform-browser.js",
      "fileHash": "f64ea0b6",
      "needsInterop": false
    },
    "@angular/platform-browser/animations": {
      "src": "../../../../../../node_modules/@angular/platform-browser/fesm2022/animations.mjs",
      "file": "@angular_platform-browser_animations.js",
      "fileHash": "c0572b70",
      "needsInterop": false
    },
    "@angular/platform-browser/animations/async": {
      "src": "../../../../../../node_modules/@angular/platform-browser/fesm2022/animations/async.mjs",
      "file": "@angular_platform-browser_animations_async.js",
      "fileHash": "c7f2b741",
      "needsInterop": false
    },
    "@angular/router": {
      "src": "../../../../../../node_modules/@angular/router/fesm2022/router.mjs",
      "file": "@angular_router.js",
      "fileHash": "fba27eaa",
      "needsInterop": false
    },
    "jspdf": {
      "src": "../../../../../../node_modules/jspdf/dist/jspdf.es.min.js",
      "file": "jspdf.js",
      "fileHash": "cd2814e4",
      "needsInterop": false
    },
    "ngx-toastr": {
      "src": "../../../../../../node_modules/ngx-toastr/fesm2022/ngx-toastr.mjs",
      "file": "ngx-toastr.js",
      "fileHash": "d85d5174",
      "needsInterop": false
    },
    "rxjs": {
      "src": "../../../../../../node_modules/rxjs/dist/esm5/index.js",
      "file": "rxjs.js",
      "fileHash": "39cc39f4",
      "needsInterop": false
    },
    "rxjs/internal/operators/catchError": {
      "src": "../../../../../../node_modules/rxjs/dist/esm5/internal/operators/catchError.js",
      "file": "rxjs_internal_operators_catchError.js",
      "fileHash": "33ada30d",
      "needsInterop": false
    },
    "rxjs/operators": {
      "src": "../../../../../../node_modules/rxjs/dist/esm5/operators/index.js",
      "file": "rxjs_operators.js",
      "fileHash": "5043ecb0",
      "needsInterop": false
    },
    "sweetalert2": {
      "src": "../../../../../../node_modules/sweetalert2/dist/sweetalert2.esm.all.js",
      "file": "sweetalert2.js",
      "fileHash": "440f5b0f",
      "needsInterop": false
    }
  },
  "chunks": {
    "html2canvas.esm-VN2TC25E": {
      "file": "html2canvas__esm-VN2TC25E.js"
    },
    "purify.es-W2QPG26O": {
      "file": "purify__es-W2QPG26O.js"
    },
    "index.es-KV2ZT6NM": {
      "file": "index__es-KV2ZT6NM.js"
    },
    "chunk-WUUVWCMF": {
      "file": "chunk-WUUVWCMF.js"
    },
    "browser-2VPCYF3G": {
      "file": "browser-2VPCYF3G.js"
    },
    "chunk-HPK5AA3Q": {
      "file": "chunk-HPK5AA3Q.js"
    },
    "chunk-YIXI6EGP": {
      "file": "chunk-YIXI6EGP.js"
    },
    "chunk-K6IFIPEB": {
      "file": "chunk-K6IFIPEB.js"
    },
    "chunk-2WYSJONC": {
      "file": "chunk-2WYSJONC.js"
    },
    "chunk-Q5ECUMXC": {
      "file": "chunk-Q5ECUMXC.js"
    },
    "chunk-VYYT6AMO": {
      "file": "chunk-VYYT6AMO.js"
    },
    "chunk-S5JPPLQT": {
      "file": "chunk-S5JPPLQT.js"
    },
    "chunk-CT43B5WB": {
      "file": "chunk-CT43B5WB.js"
    },
    "chunk-FXGXHE6M": {
      "file": "chunk-FXGXHE6M.js"
    },
    "chunk-U7GV652R": {
      "file": "chunk-U7GV652R.js"
    },
    "chunk-TXDUYLVM": {
      "file": "chunk-TXDUYLVM.js"
    }
  }
}