[
  {
    "text": "The point of using Lorem Ipsum is that it has a more-or-less normal distribution of letters, as opposed to using 'Content here, content here', making it look like readable English.",
    "image": "assets/images/customer/team-1.jpg",
    "name": "Sophia R."
  },
  {
    "text": "Many desktop publishing packages and web page editors now use Lorem Ipsum as their default model text, and a search for 'lorem ipsum' will uncover many web sites still in their infancy.",
    "image": "assets/images/customer/team-2.jpg",
    "name": "Sophia R."
  },
  {
    "text": "There are many variations of passages of Lorem Ipsum available, but the majority have suffered alteration in some form, by injected humour, or randomised words which don't look even slightly believable.",
    "image": "assets/images/customer/team-3.jpg",
    "name": "Sophia R."
  },
  {
    "text": "Contrary to popular belief, Lorem Ipsum is not simply random text. It has roots in a piece of classical Latin literature from 45 BC, making it over 2000 years old.c lassical Latin literature from 45 BC",
    "image": "assets/images/customer/team-4.jpg",
    "name": "Sophia R."
  },
  {
    "text": "There are many variations of passages of Lorem Ipsum available, but the majority have suffered alteration in some form, by injected humour, or randomised words which don't look even slightly believable. If you are going to use a passage of Lorem Ipsum",
    "image": "assets/images/customer/team-5.jpg",
    "name": "Sophia R."
  },
  {
    "text": "The standard chunk of Lorem Ipsum used since the 1500s is reproduced below for those interested. Sections 1.10.32 and 1.10.33 from de Finibus Bonorum et Malorum by Cicero are also reproduced in their exact original form, accompanied",
    "image": "assets/images/customer/team-6.jpg",
    "name": "Sophia R."
  }

]
