{
  "hash": "37fbe0f9",
  "configHash": "991227f1",
  "lockfileHash": "85effe9e",
  "browserHash": "c07f9331",
  "optimized": {
    "@angular/cdk/layout": {
      "src": "../../../../../../node_modules/@angular/cdk/fesm2022/layout.mjs",
      "file": "@angular_cdk_layout.js",
      "fileHash": "aeaf4c3f",
      "needsInterop": false
    },
    "@angular/common": {
      "src": "../../../../../../node_modules/@angular/common/fesm2022/common.mjs",
      "file": "@angular_common.js",
      "fileHash": "5557a7b6",
      "needsInterop": false
    },
    "@angular/common/http": {
      "src": "../../../../../../node_modules/@angular/common/fesm2022/http.mjs",
      "file": "@angular_common_http.js",
      "fileHash": "0aaeef31",
      "needsInterop": false
    },
    "@angular/core": {
      "src": "../../../../../../node_modules/@angular/core/fesm2022/core.mjs",
      "file": "@angular_core.js",
      "fileHash": "782c34f8",
      "needsInterop": false
    },
    "@angular/forms": {
      "src": "../../../../../../node_modules/@angular/forms/fesm2022/forms.mjs",
      "file": "@angular_forms.js",
      "fileHash": "60a0b45e",
      "needsInterop": false
    },
    "@angular/platform-browser": {
      "src": "../../../../../../node_modules/@angular/platform-browser/fesm2022/platform-browser.mjs",
      "file": "@angular_platform-browser.js",
      "fileHash": "9cf079f7",
      "needsInterop": false
    },
    "@angular/platform-browser/animations": {
      "src": "../../../../../../node_modules/@angular/platform-browser/fesm2022/animations.mjs",
      "file": "@angular_platform-browser_animations.js",
      "fileHash": "b079a92d",
      "needsInterop": false
    },
    "@angular/platform-browser/animations/async": {
      "src": "../../../../../../node_modules/@angular/platform-browser/fesm2022/animations/async.mjs",
      "file": "@angular_platform-browser_animations_async.js",
      "fileHash": "ac6a31f9",
      "needsInterop": false
    },
    "@angular/platform-server": {
      "src": "../../../../../../node_modules/@angular/platform-server/fesm2022/platform-server.mjs",
      "file": "@angular_platform-server.js",
      "fileHash": "4dd4c957",
      "needsInterop": false
    },
    "@angular/router": {
      "src": "../../../../../../node_modules/@angular/router/fesm2022/router.mjs",
      "file": "@angular_router.js",
      "fileHash": "7be40506",
      "needsInterop": false
    },
    "jspdf": {
      "src": "../../../../../../node_modules/jspdf/dist/jspdf.es.min.js",
      "file": "jspdf.js",
      "fileHash": "77bf005a",
      "needsInterop": false
    },
    "ngx-toastr": {
      "src": "../../../../../../node_modules/ngx-toastr/fesm2022/ngx-toastr.mjs",
      "file": "ngx-toastr.js",
      "fileHash": "6e26e5d3",
      "needsInterop": false
    },
    "rxjs": {
      "src": "../../../../../../node_modules/rxjs/dist/cjs/index.js",
      "file": "rxjs.js",
      "fileHash": "07db97c3",
      "needsInterop": true
    },
    "rxjs/internal/operators/catchError": {
      "src": "../../../../../../node_modules/rxjs/dist/cjs/internal/operators/catchError.js",
      "file": "rxjs_internal_operators_catchError.js",
      "fileHash": "53b2fb7d",
      "needsInterop": true
    },
    "rxjs/operators": {
      "src": "../../../../../../node_modules/rxjs/dist/cjs/operators/index.js",
      "file": "rxjs_operators.js",
      "fileHash": "582cd010",
      "needsInterop": true
    },
    "sweetalert2": {
      "src": "../../../../../../node_modules/sweetalert2/dist/sweetalert2.esm.all.js",
      "file": "sweetalert2.js",
      "fileHash": "aa2d39b8",
      "needsInterop": false
    }
  },
  "chunks": {
    "browser-IBYEN5QY": {
      "file": "browser-IBYEN5QY.js"
    },
    "html2canvas.esm-RAAVEBSU": {
      "file": "html2canvas__esm-RAAVEBSU.js"
    },
    "purify.es-GVXR55RJ": {
      "file": "purify__es-GVXR55RJ.js"
    },
    "index.es-5NZUWISM": {
      "file": "index__es-5NZUWISM.js"
    },
    "xhr2-ISERFGGE": {
      "file": "xhr2-ISERFGGE.js"
    },
    "chunk-HNOUGPLK": {
      "file": "chunk-HNOUGPLK.js"
    },
    "chunk-N6VPEYGW": {
      "file": "chunk-N6VPEYGW.js"
    },
    "chunk-RT3VED3B": {
      "file": "chunk-RT3VED3B.js"
    },
    "chunk-LGFUPXSJ": {
      "file": "chunk-LGFUPXSJ.js"
    },
    "chunk-WTPCWF74": {
      "file": "chunk-WTPCWF74.js"
    },
    "chunk-6B4OZPVK": {
      "file": "chunk-6B4OZPVK.js"
    },
    "chunk-IHFTBKYS": {
      "file": "chunk-IHFTBKYS.js"
    },
    "chunk-LJ4WON5P": {
      "file": "chunk-LJ4WON5P.js"
    },
    "chunk-Z7T2ZQFH": {
      "file": "chunk-Z7T2ZQFH.js"
    },
    "chunk-L3GQMXDF": {
      "file": "chunk-L3GQMXDF.js"
    },
    "chunk-YLN5H2NX": {
      "file": "chunk-YLN5H2NX.js"
    },
    "chunk-N2AHOJJ2": {
      "file": "chunk-N2AHOJJ2.js"
    },
    "chunk-NQ4HTGF6": {
      "file": "chunk-NQ4HTGF6.js"
    }
  }
}